"ID"	"chr"	"loc.start"	"loc.end"	"seg.mean"	"BAF"	"purity"
"AP201P"	20	68264	62904845	0.40409375683067	0.731018080890382	0.731018081
"AP202P"	2	179358665	188348943	0.490234759965678	0.282257837064579	0.854120344
"AP202P"	5	75896912	180687212	-0.0228114073748421	0.853662496539288	0.854120344
"AP202P"	19	52938417	54297423	0.867923479553746	0.223339029650631	0.854120344
"AP203P"	1	7870048	41540861	-0.458618388757024	0.107179114005611	0.22221819
"AP203P"	1	149908388	151655837	-0.458618388757024	0.171672407519335	0.22221819
"AP203P"	1	247615340	249212627	0.193446068908821	0.213029117490576	0.22221819
"AP203P"	2	161132349	170100011	0.193446068908821	0.150581190144226	0.22221819
"AP203P"	2	179343021	189944595	0.193446068908821	0.213029117490576	0.22221819
"AP203P"	5	85914005	122758723	-0.458618388757024	0.222218189949878	0.22221819
"AP203P"	6	41538110	43638505	-0.458618388757024	0.14605404147194	0.22221819
"AP203P"	7	65445404	76062798	-0.458618388757024	0.14605404147194	0.22221819
"AP203P"	7	76069810	97619342	0.0559446869763048	0.144893577324781	0.22221819
"AP203P"	7	97766869	105283270	-0.458618388757024	0.107179114005611	0.22221819
"AP203P"	9	130167243	134105987	-0.458618388757024	0.107179114005611	0.22221819
"AP203P"	11	46331544	48239016	-0.265977517929552	0.222218189949878	0.22221819
"AP203P"	11	48266605	62343142	0.0559446869763048	0.144893577324781	0.22221819
"AP203P"	11	62343506	68522679	-0.265977517929552	0.135804535804569	0.22221819
"AP203P"	12	108910756	124315343	-0.458618388757024	0.107179114005611	0.22221819
"AP203P"	13	19466255	115091726	0.0559446869763048	0.144893577324781	0.22221819
"AP203P"	14	19114472	20711469	0.318975166142403	0.222218189949878	0.22221819
"AP203P"	14	105405093	107283156	0.193446068908821	0.213029117490576	0.22221819
"AP203P"	19	282348	8982266	-0.458618388757024	0.14605404147194	0.22221819
"AP203P"	19	9868278	19863191	-0.458618388757024	0.14605404147194	0.22221819
"AP203P"	19	35832914	42927739	-0.458618388757024	0.107179114005611	0.22221819
"AP203P"	19	42928430	44988649	0.193446068908821	0.150581190144226	0.22221819
"AP203P"	19	45001346	51471434	-0.458618388757024	0.171672407519335	0.22221819
"AP203P"	20	50782513	62904703	0.0559446869763048	0.144893577324781	0.22221819
"AP204P"	5	77385362	180486841	-0.0824291863387228	0.841517785404844	0.841517785
"AP204P"	7	193245	159025130	0.42423255887667	0.841517785404844	0.841517785
"AP204P"	9	214454	141016441	0.42423255887667	0.581538188909797	0.841517785
"AP204P"	19	52937339	54291100	1.09534619606035	0.257865529300944	0.841517785
"AP206P"	1	5624154	28800346	-0.60199217784791	0.185704746466806	0.557628316
"AP206P"	4	53428	190947481	0.224371464015777	0.171023018460715	0.557628316
"AP206P"	5	59895019	140221761	-0.130435157660806	0.557628315848602	0.557628316
"AP206P"	5	140242527	180687212	-0.130435157660806	0.557628315848602	0.557628316
"AP206P"	6	203548	170893496	0.224371464015777	0.541152756624685	0.557628316
"AP206P"	7	193222	159025772	0.224371464015777	0.541152756624685	0.557628316
"AP206P"	9	214719	141070256	0.224371464015777	0.282707818900299	0.557628316
"AP206P"	13	19466427	115091726	0.224371464015777	0.550971181546634	0.557628316
"AP206P"	14	19114472	23004445	0.224371464015777	0.557628315848602	0.557628316
"AP206P"	14	23012178	105360127	0.224371464015777	0.550971181546634	0.557628316
"AP206P"	14	105360947	107283105	0.508915858385655	0.483894245683624	0.557628316
"AP206P"	15	20170011	25322292	0.224371464015777	0.171023018460715	0.557628316
"AP206P"	19	19868879	29698809	0.508915858385655	0.263283148289053	0.557628316
"AP206P"	19	52934778	54291268	0.508915858385655	0.325002796611772	0.557628316
"AP206P"	20	68264	62904703	0.224371464015777	0.541152756624685	0.557628316
"AP208P"	1	6378548	53493832	0.0168036990815152	0.124203755333219	0.191778168
"AP208P"	1	149920888	151655837	0.0168036990815152	0.191917422975084	0.191778168
"AP208P"	1	153636522	156786487	0.0168036990815152	0.166366029133603	0.191778168
"AP208P"	3	178978328	197838379	0.178552149202026	0.191778167642264	0.191778168
"AP208P"	5	109159494	140083470	0.323980471286004	0.191917422975084	0.191778168
"AP208P"	5	140870276	180687212	0.323980471286004	0.191917422975084	0.191778168
"AP208P"	6	30303952	44197551	0.0168036990815152	0.124203755333219	0.191778168
"AP208P"	7	2309355	7118608	0.0168036990815152	0.166366029133603	0.191778168
"AP208P"	7	55840851	77394774	0.0168036990815152	0.191917422975084	0.191778168
"AP208P"	7	97857210	103051012	0.0168036990815152	0.191917422975084	0.191778168
"AP208P"	9	127231562	135418307	0.0168036990815152	0.166366029133603	0.191778168
"AP208P"	10	69281490	105350033	0.178552149202026	0.191778167642264	0.191778168
"AP208P"	11	46670857	48188748	0.0168036990815152	0.191917422975084	0.191778168
"AP208P"	11	61040814	68696654	0.0168036990815152	0.124203755333219	0.191778168
"AP208P"	12	48534737	69263979	0.178552149202026	0.191778167642264	0.191778168
"AP208P"	12	109210929	124323011	0.0168036990815152	0.166366029133603	0.191778168
"AP208P"	15	40660231	42054585	0.0168036990815152	0.166366029133603	0.191778168
"AP208P"	15	90174955	91769721	0.0168036990815152	0.124203755333219	0.191778168
"AP208P"	16	3029497	31435282	0.0168036990815152	0.166366029133603	0.191778168
"AP208P"	16	31435523	90142260	0.178552149202026	0.191778167642264	0.191778168
"AP208P"	17	6157	81083660	0.178552149202026	0.191778167642264	0.191778168
"AP208P"	19	282348	2351680	0.0168036990815152	0.124203755333219	0.191778168
"AP208P"	19	2352924	41313759	0.0168036990815152	0.191917422975084	0.191778168
"AP208P"	19	41316258	45029164	0.0168036990815152	0.124203755333219	0.191778168
"AP208P"	19	45033565	54610315	0.0168036990815152	0.191917422975084	0.191778168
"AP208P"	19	54611340	59083888	0.0168036990815152	0.124203755333219	0.191778168
"AP208P"	20	68396	6096765	0.178552149202026	0.191778167642264	0.191778168
"AP208P"	20	25507158	55929264	0.178552149202026	0.191778167642264	0.191778168
"AP208P"	22	16287579	51219289	0.178552149202026	0.191778167642264	0.191778168
"AP212P"	5	140403	180687212	0.251960675922945	0.476804646793112	0.476804647
"AP212P"	8	182977	146279396	0.251960675922945	0.476804646793112	0.476804647
"AP212P"	20	76700	62904845	0.251960675922945	0.476804646793112	0.476804647
"AP214P"	19	19756924	24097891	-6.64385618977472	0.230529132354606	0.99
"AP215P"	1	4715657	30474504	-0.838013675914949	0.862829633730942	0.862829634
"AP215P"	5	82360215	180687212	-0.0234620847371053	0.8601042459192	0.862829634
"AP215P"	11	48367205	56785984	0.874033653191269	0.283155397463745	0.862829634
"AP218P"	19	19990951	24116119	-6.64385618977472	0.200774583504635	0.99
"AP219P"	19	287482	10692117	-0.0405071470237182	0.692411748309506	0.692411748
"AP220P"	5	75699431	180687907	-0.0450539162793657	0.771289322360222	0.771289322
"AP220P"	7	193254	159025874	0.425503419449906	0.771289322360222	0.771289322
"AP220P"	13	19466427	115091726	0.425503419449906	0.771289322360222	0.771289322
"AP221P"	3	239347	93593119	0.735655553320668	0.276156290856424	0.925084451
"AP221P"	3	93595967	172050794	0.339212094716409	0.92508445063312	0.925084451
"AP221P"	3	172052794	197804040	0.735655553320668	0.276156290856424	0.925084451
"AP221P"	7	193245	159025874	0.339212094716409	0.92508445063312	0.925084451
"AP221P"	8	183136	146279349	0.339212094716409	0.92508445063312	0.925084451
"AP221P"	12	234929	133810935	0.339212094716409	0.64997498914374	0.925084451
"AP221P"	13	19468364	115091726	0.339212094716409	0.92508445063312	0.925084451
"AP221P"	14	19114472	107283266	0.735655553320668	0.492209872709433	0.925084451
"AP221P"	20	68396	62904845	0.339212094716409	0.92508445063312	0.925084451
"AP222P"	19	42930402	45033565	0.58014548442338	0.163072168369574	0.99
"AP224P"	1	762187	25944849	-1.05550682534247	0.925111950854645	0.951769205
"AP224P"	1	150598965	156699073	0.438116699704102	0.943656594404104	0.951769205
"AP224P"	1	159273965	173840155	0.438116699704102	0.943656594404104	0.951769205
"AP224P"	1	175916267	181689886	0.438116699704102	0.943656594404104	0.951769205
"AP224P"	1	183674400	187610881	-1.05550682534247	0.931219393178476	0.951769205
"AP224P"	1	197522048	214209181	0.438116699704102	0.943656594404104	0.951769205
"AP224P"	3	185541043	197804097	-1.05550682534247	0.925111950854645	0.951769205
"AP224P"	4	83582211	87835318	-1.05550682534247	0.925111950854645	0.951769205
"AP224P"	4	87869691	90874311	-4.49736482283605	0.923379892085217	0.951769205
"AP224P"	4	91229553	95539278	-1.05550682534247	0.880695046274473	0.951769205
"AP224P"	7	193451	159025874	0.438116699704102	0.943656594404104	0.951769205
"AP224P"	9	214719	141016441	0.438116699704102	0.139951622007825	0.951769205
"AP224P"	11	108594237	115375101	-1.05550682534247	0.910608675145148	0.951769205
"AP224P"	14	19114472	107283270	0.84131924190816	0.498089236812173	0.951769205
"AP224P"	19	19905376	29567134	0.84131924190816	0.251361710274148	0.951769205
"AP224P"	20	68264	62904845	0.438116699704102	0.943656594404104	0.951769205
"AP226P"	7	193254	55840888	0.334405446174976	0.190464856776976	0.641513207
"AP226P"	7	77648533	96303235	0.334405446174976	0.316636089086626	0.641513207
"AP226P"	7	105615406	159025772	0.334405446174976	0.190464856776976	0.641513207
"AP226P"	11	117152402	118842654	-0.624958636930982	0.641513206635932	0.641513207
